image_url,caption_A,caption_B,human_output,llm_output,clip_small_output,clip_large_output
https://cs.stanford.edu/people/rak248/VG_100K_2/936.jpg,,,,,,
https://cs.stanford.edu/people/rak248/VG_100K_2/143.jpg,,,,,,
https://cs.stanford.edu/people/rak248/VG_100K_2/595.jpg,,,,,,
https://cs.stanford.edu/people/rak248/VG_100K_2/394.jpg,,,,,,
https://cs.stanford.edu/people/rak248/VG_100K_2/103.jpg,,,,,,
https://cs.stanford.edu/people/rak248/VG_100K_2/252.jpg,,,,,,
https://cs.stanford.edu/people/rak248/VG_100K_2/295.jpg,,,,,,
https://cs.stanford.edu/people/rak248/VG_100K_2/924.jpg,,,,,,
https://cs.stanford.edu/people/rak248/VG_100K_2/669.jpg,,,,,,
https://cs.stanford.edu/people/rak248/VG_100K_2/608.jpg,,,,,,
https://cs.stanford.edu/people/rak248/VG_100K_2/775.jpg,,,,,,
https://cs.stanford.edu/people/rak248/VG_100K_2/187.jpg,,,,,,
https://cs.stanford.edu/people/rak248/VG_100K_2/853.jpg,,,,,,
https://cs.stanford.edu/people/rak248/VG_100K_2/479.jpg,,,,,,
https://cs.stanford.edu/people/rak248/VG_100K_2/846.jpg,,,,,,
https://cs.stanford.edu/people/rak248/VG_100K_2/521.jpg,,,,,,
https://cs.stanford.edu/people/rak248/VG_100K_2/191.jpg,,,,,,
https://cs.stanford.edu/people/rak248/VG_100K_2/944.jpg,,,,,,
https://cs.stanford.edu/people/rak248/VG_100K_2/205.jpg,,,,,,
https://cs.stanford.edu/people/rak248/VG_100K_2/830.jpg,,,,,,
https://cs.stanford.edu/people/rak248/VG_100K_2/140.jpg,,,,,,
https://cs.stanford.edu/people/rak248/VG_100K_2/230.jpg,,,,,,
https://cs.stanford.edu/people/rak248/VG_100K_2/932.jpg,,,,,,
https://cs.stanford.edu/people/rak248/VG_100K_2/915.jpg,,,,,,
https://cs.stanford.edu/people/rak248/VG_100K_2/874.jpg,,,,,,
https://cs.stanford.edu/people/rak248/VG_100K_2/930.jpg,,,,,,
https://cs.stanford.edu/people/rak248/VG_100K_2/65.jpg,,,,,,
https://cs.stanford.edu/people/rak248/VG_100K_2/763.jpg,,,,,,
https://cs.stanford.edu/people/rak248/VG_100K_2/193.jpg,,,,,,
https://cs.stanford.edu/people/rak248/VG_100K_2/890.jpg,,,,,,
https://cs.stanford.edu/people/rak248/VG_100K_2/588.jpg,,,,,,
https://cs.stanford.edu/people/rak248/VG_100K_2/666.jpg,,,,,,
https://cs.stanford.edu/people/rak248/VG_100K_2/935.jpg,,,,,,
https://cs.stanford.edu/people/rak248/VG_100K_2/454.jpg,,,,,,
https://cs.stanford.edu/people/rak248/VG_100K_2/668.jpg,,,,,,
https://cs.stanford.edu/people/rak248/VG_100K_2/432.jpg,,,,,,
https://cs.stanford.edu/people/rak248/VG_100K_2/482.jpg,,,,,,
https://cs.stanford.edu/people/rak248/VG_100K_2/458.jpg,,,,,,
https://cs.stanford.edu/people/rak248/VG_100K_2/908.jpg,,,,,,
https://cs.stanford.edu/people/rak248/VG_100K_2/216.jpg,,,,,,
https://cs.stanford.edu/people/rak248/VG_100K_2/889.jpg,,,,,,
https://cs.stanford.edu/people/rak248/VG_100K_2/430.jpg,,,,,,
https://cs.stanford.edu/people/rak248/VG_100K_2/714.jpg,,,,,,
https://cs.stanford.edu/people/rak248/VG_100K_2/521.jpg,,,,,,
https://cs.stanford.edu/people/rak248/VG_100K_2/924.jpg,,,,,,
https://cs.stanford.edu/people/rak248/VG_100K_2/544.jpg,,,,,,
https://cs.stanford.edu/people/rak248/VG_100K_2/439.jpg,,,,,,
https://cs.stanford.edu/people/rak248/VG_100K_2/206.jpg,,,,,,
https://cs.stanford.edu/people/rak248/VG_100K_2/338.jpg,,,,,,
https://cs.stanford.edu/people/rak248/VG_100K_2/352.jpg,,,,,,
https://cs.stanford.edu/people/rak248/VG_100K_2/904.jpg,,,,,,
https://cs.stanford.edu/people/rak248/VG_100K_2/313.jpg,,,,,,
https://cs.stanford.edu/people/rak248/VG_100K_2/112.jpg,,,,,,
https://cs.stanford.edu/people/rak248/VG_100K_2/136.jpg,,,,,,
https://cs.stanford.edu/people/rak248/VG_100K_2/262.jpg,,,,,,
https://cs.stanford.edu/people/rak248/VG_100K_2/234.jpg,,,,,,
https://cs.stanford.edu/people/rak248/VG_100K_2/576.jpg,,,,,,
https://cs.stanford.edu/people/rak248/VG_100K_2/683.jpg,,,,,,
https://cs.stanford.edu/people/rak248/VG_100K_2/469.jpg,,,,,,
https://cs.stanford.edu/people/rak248/VG_100K_2/1000.jpg,,,,,,
https://cs.stanford.edu/people/rak248/VG_100K_2/530.jpg,,,,,,
https://cs.stanford.edu/people/rak248/VG_100K_2/511.jpg,,,,,,
https://cs.stanford.edu/people/rak248/VG_100K_2/793.jpg,,,,,,
https://cs.stanford.edu/people/rak248/VG_100K_2/854.jpg,,,,,,
https://cs.stanford.edu/people/rak248/VG_100K_2/400.jpg,,,,,,
https://cs.stanford.edu/people/rak248/VG_100K_2/348.jpg,,,,,,
https://cs.stanford.edu/people/rak248/VG_100K_2/672.jpg,,,,,,
https://cs.stanford.edu/people/rak248/VG_100K_2/971.jpg,,,,,,
https://cs.stanford.edu/people/rak248/VG_100K_2/748.jpg,,,,,,
https://cs.stanford.edu/people/rak248/VG_100K_2/741.jpg,,,,,,
https://cs.stanford.edu/people/rak248/VG_100K_2/799.jpg,,,,,,
https://cs.stanford.edu/people/rak248/VG_100K_2/345.jpg,,,,,,
https://cs.stanford.edu/people/rak248/VG_100K_2/997.jpg,,,,,,
https://cs.stanford.edu/people/rak248/VG_100K_2/108.jpg,,,,,,
https://cs.stanford.edu/people/rak248/VG_100K_2/586.jpg,,,,,,
https://cs.stanford.edu/people/rak248/VG_100K_2/977.jpg,,,,,,
https://cs.stanford.edu/people/rak248/VG_100K_2/382.jpg,,,,,,
https://cs.stanford.edu/people/rak248/VG_100K_2/299.jpg,,,,,,
https://cs.stanford.edu/people/rak248/VG_100K_2/138.jpg,,,,,,
https://cs.stanford.edu/people/rak248/VG_100K_2/660.jpg,,,,,,
https://cs.stanford.edu/people/rak248/VG_100K_2/852.jpg,,,,,,
https://cs.stanford.edu/people/rak248/VG_100K_2/682.jpg,,,,,,
https://cs.stanford.edu/people/rak248/VG_100K_2/693.jpg,,,,,,
https://cs.stanford.edu/people/rak248/VG_100K_2/831.jpg,,,,,,
https://cs.stanford.edu/people/rak248/VG_100K_2/141.jpg,,,,,,
https://cs.stanford.edu/people/rak248/VG_100K_2/403.jpg,,,,,,
https://cs.stanford.edu/people/rak248/VG_100K_2/570.jpg,,,,,,
https://cs.stanford.edu/people/rak248/VG_100K_2/455.jpg,,,,,,
https://cs.stanford.edu/people/rak248/VG_100K_2/676.jpg,,,,,,
https://cs.stanford.edu/people/rak248/VG_100K_2/159.jpg,,,,,,
https://cs.stanford.edu/people/rak248/VG_100K_2/176.jpg,,,,,,
https://cs.stanford.edu/people/rak248/VG_100K_2/647.jpg,,,,,,
https://cs.stanford.edu/people/rak248/VG_100K_2/72.jpg,,,,,,
https://cs.stanford.edu/people/rak248/VG_100K_2/694.jpg,,,,,,
https://cs.stanford.edu/people/rak248/VG_100K_2/458.jpg,,,,,,
https://cs.stanford.edu/people/rak248/VG_100K_2/675.jpg,,,,,,
https://cs.stanford.edu/people/rak248/VG_100K_2/710.jpg,,,,,,
https://cs.stanford.edu/people/rak248/VG_100K_2/579.jpg,,,,,,
https://cs.stanford.edu/people/rak248/VG_100K_2/198.jpg,,,,,,
https://cs.stanford.edu/people/rak248/VG_100K_2/317.jpg,,,,,,
https://cs.stanford.edu/people/rak248/VG_100K_2/137.jpg,,,,,,
https://cs.stanford.edu/people/rak248/VG_100K_2/659.jpg,,,,,,
https://cs.stanford.edu/people/rak248/VG_100K_2/716.jpg,,,,,,
https://cs.stanford.edu/people/rak248/VG_100K_2/402.jpg,,,,,,
https://cs.stanford.edu/people/rak248/VG_100K_2/783.jpg,,,,,,
https://cs.stanford.edu/people/rak248/VG_100K_2/133.jpg,,,,,,
https://cs.stanford.edu/people/rak248/VG_100K_2/221.jpg,,,,,,
https://cs.stanford.edu/people/rak248/VG_100K_2/214.jpg,,,,,,
https://cs.stanford.edu/people/rak248/VG_100K_2/592.jpg,,,,,,
https://cs.stanford.edu/people/rak248/VG_100K_2/204.jpg,,,,,,
https://cs.stanford.edu/people/rak248/VG_100K_2/190.jpg,,,,,,
https://cs.stanford.edu/people/rak248/VG_100K_2/871.jpg,,,,,,
https://cs.stanford.edu/people/rak248/VG_100K_2/535.jpg,,,,,,
https://cs.stanford.edu/people/rak248/VG_100K_2/688.jpg,,,,,,
https://cs.stanford.edu/people/rak248/VG_100K_2/308.jpg,,,,,,
https://cs.stanford.edu/people/rak248/VG_100K_2/665.jpg,,,,,,
https://cs.stanford.edu/people/rak248/VG_100K_2/442.jpg,,,,,,
https://cs.stanford.edu/people/rak248/VG_100K_2/703.jpg,,,,,,
https://cs.stanford.edu/people/rak248/VG_100K_2/847.jpg,,,,,,
https://cs.stanford.edu/people/rak248/VG_100K_2/156.jpg,,,,,,
https://cs.stanford.edu/people/rak248/VG_100K_2/867.jpg,,,,,,
https://cs.stanford.edu/people/rak248/VG_100K_2/726.jpg,,,,,,
https://cs.stanford.edu/people/rak248/VG_100K_2/499.jpg,,,,,,
https://cs.stanford.edu/people/rak248/VG_100K_2/956.jpg,,,,,,
https://cs.stanford.edu/people/rak248/VG_100K_2/724.jpg,,,,,,
https://cs.stanford.edu/people/rak248/VG_100K_2/845.jpg,,,,,,
https://cs.stanford.edu/people/rak248/VG_100K_2/416.jpg,,,,,,
https://cs.stanford.edu/people/rak248/VG_100K_2/959.jpg,,,,,,
https://cs.stanford.edu/people/rak248/VG_100K_2/862.jpg,,,,,,
https://cs.stanford.edu/people/rak248/VG_100K_2/297.jpg,,,,,,
https://cs.stanford.edu/people/rak248/VG_100K_2/564.jpg,,,,,,
https://cs.stanford.edu/people/rak248/VG_100K_2/495.jpg,,,,,,
https://cs.stanford.edu/people/rak248/VG_100K_2/303.jpg,,,,,,
https://cs.stanford.edu/people/rak248/VG_100K_2/655.jpg,,,,,,
https://cs.stanford.edu/people/rak248/VG_100K_2/877.jpg,,,,,,
https://cs.stanford.edu/people/rak248/VG_100K_2/962.jpg,,,,,,
https://cs.stanford.edu/people/rak248/VG_100K_2/918.jpg,,,,,,
https://cs.stanford.edu/people/rak248/VG_100K_2/399.jpg,,,,,,
https://cs.stanford.edu/people/rak248/VG_100K_2/621.jpg,,,,,,
https://cs.stanford.edu/people/rak248/VG_100K_2/523.jpg,,,,,,
https://cs.stanford.edu/people/rak248/VG_100K_2/376.jpg,,,,,,
https://cs.stanford.edu/people/rak248/VG_100K_2/802.jpg,,,,,,
https://cs.stanford.edu/people/rak248/VG_100K_2/991.jpg,,,,,,
https://cs.stanford.edu/people/rak248/VG_100K_2/561.jpg,,,,,,
https://cs.stanford.edu/people/rak248/VG_100K_2/649.jpg,,,,,,
https://cs.stanford.edu/people/rak248/VG_100K_2/288.jpg,,,,,,
https://cs.stanford.edu/people/rak248/VG_100K_2/772.jpg,,,,,,
https://cs.stanford.edu/people/rak248/VG_100K_2/234.jpg,,,,,,
https://cs.stanford.edu/people/rak248/VG_100K_2/837.jpg,,,,,,
https://cs.stanford.edu/people/rak248/VG_100K_2/261.jpg,,,,,,
https://cs.stanford.edu/people/rak248/VG_100K_2/217.jpg,,,,,,
https://cs.stanford.edu/people/rak248/VG_100K_2/96.jpg,,,,,,
https://cs.stanford.edu/people/rak248/VG_100K_2/580.jpg,,,,,,
https://cs.stanford.edu/people/rak248/VG_100K_2/662.jpg,,,,,,
https://cs.stanford.edu/people/rak248/VG_100K_2/554.jpg,,,,,,
https://cs.stanford.edu/people/rak248/VG_100K_2/720.jpg,,,,,,
https://cs.stanford.edu/people/rak248/VG_100K_2/788.jpg,,,,,,
https://cs.stanford.edu/people/rak248/VG_100K_2/331.jpg,,,,,,
https://cs.stanford.edu/people/rak248/VG_100K_2/320.jpg,,,,,,
https://cs.stanford.edu/people/rak248/VG_100K_2/780.jpg,,,,,,
https://cs.stanford.edu/people/rak248/VG_100K_2/335.jpg,,,,,,
https://cs.stanford.edu/people/rak248/VG_100K_2/941.jpg,,,,,,
https://cs.stanford.edu/people/rak248/VG_100K_2/689.jpg,,,,,,
https://cs.stanford.edu/people/rak248/VG_100K_2/843.jpg,,,,,,
https://cs.stanford.edu/people/rak248/VG_100K_2/684.jpg,,,,,,
https://cs.stanford.edu/people/rak248/VG_100K_2/408.jpg,,,,,,
https://cs.stanford.edu/people/rak248/VG_100K_2/790.jpg,,,,,,
https://cs.stanford.edu/people/rak248/VG_100K_2/846.jpg,,,,,,
https://cs.stanford.edu/people/rak248/VG_100K_2/310.jpg,,,,,,
https://cs.stanford.edu/people/rak248/VG_100K_2/793.jpg,,,,,,
https://cs.stanford.edu/people/rak248/VG_100K_2/939.jpg,,,,,,
https://cs.stanford.edu/people/rak248/VG_100K_2/736.jpg,,,,,,
https://cs.stanford.edu/people/rak248/VG_100K_2/377.jpg,,,,,,
https://cs.stanford.edu/people/rak248/VG_100K_2/623.jpg,,,,,,
https://cs.stanford.edu/people/rak248/VG_100K_2/558.jpg,,,,,,
https://cs.stanford.edu/people/rak248/VG_100K_2/165.jpg,,,,,,
https://cs.stanford.edu/people/rak248/VG_100K_2/664.jpg,,,,,,
https://cs.stanford.edu/people/rak248/VG_100K_2/296.jpg,,,,,,
https://cs.stanford.edu/people/rak248/VG_100K_2/475.jpg,,,,,,
https://cs.stanford.edu/people/rak248/VG_100K_2/872.jpg,,,,,,
https://cs.stanford.edu/people/rak248/VG_100K_2/260.jpg,,,,,,
https://cs.stanford.edu/people/rak248/VG_100K_2/542.jpg,,,,,,
https://cs.stanford.edu/people/rak248/VG_100K_2/887.jpg,,,,,,
https://cs.stanford.edu/people/rak248/VG_100K_2/978.jpg,,,,,,
https://cs.stanford.edu/people/rak248/VG_100K_2/529.jpg,,,,,,
https://cs.stanford.edu/people/rak248/VG_100K_2/464.jpg,,,,,,
https://cs.stanford.edu/people/rak248/VG_100K_2/979.jpg,,,,,,
https://cs.stanford.edu/people/rak248/VG_100K_2/570.jpg,,,,,,
https://cs.stanford.edu/people/rak248/VG_100K_2/414.jpg,,,,,,
https://cs.stanford.edu/people/rak248/VG_100K_2/801.jpg,,,,,,
https://cs.stanford.edu/people/rak248/VG_100K_2/883.jpg,,,,,,
https://cs.stanford.edu/people/rak248/VG_100K_2/758.jpg,,,,,,
https://cs.stanford.edu/people/rak248/VG_100K_2/144.jpg,,,,,,
https://cs.stanford.edu/people/rak248/VG_100K_2/582.jpg,,,,,,
https://cs.stanford.edu/people/rak248/VG_100K_2/850.jpg,,,,,,
https://cs.stanford.edu/people/rak248/VG_100K_2/291.jpg,,,,,,
https://cs.stanford.edu/people/rak248/VG_100K_2/335.jpg,,,,,,
https://cs.stanford.edu/people/rak248/VG_100K_2/386.jpg,,,,,,
https://cs.stanford.edu/people/rak248/VG_100K_2/796.jpg,,,,,,
https://cs.stanford.edu/people/rak248/VG_100K_2/769.jpg,,,,,,
https://cs.stanford.edu/people/rak248/VG_100K_2/271.jpg,,,,,,
https://cs.stanford.edu/people/rak248/VG_100K_2/51.jpg,,,,,,
https://cs.stanford.edu/people/rak248/VG_100K_2/727.jpg,,,,,,
https://cs.stanford.edu/people/rak248/VG_100K_2/273.jpg,,,,,,
https://cs.stanford.edu/people/rak248/VG_100K_2/258.jpg,,,,,,
https://cs.stanford.edu/people/rak248/VG_100K_2/946.jpg,,,,,,
https://cs.stanford.edu/people/rak248/VG_100K_2/725.jpg,,,,,,
https://cs.stanford.edu/people/rak248/VG_100K_2/248.jpg,,,,,,
https://cs.stanford.edu/people/rak248/VG_100K_2/625.jpg,,,,,,
https://cs.stanford.edu/people/rak248/VG_100K_2/809.jpg,,,,,,
https://cs.stanford.edu/people/rak248/VG_100K_2/657.jpg,,,,,,
https://cs.stanford.edu/people/rak248/VG_100K_2/493.jpg,,,,,,
https://cs.stanford.edu/people/rak248/VG_100K_2/776.jpg,,,,,,
https://cs.stanford.edu/people/rak248/VG_100K_2/361.jpg,,,,,,
https://cs.stanford.edu/people/rak248/VG_100K_2/569.jpg,,,,,,
https://cs.stanford.edu/people/rak248/VG_100K_2/634.jpg,,,,,,
https://cs.stanford.edu/people/rak248/VG_100K_2/55.jpg,,,,,,
https://cs.stanford.edu/people/rak248/VG_100K_2/989.jpg,,,,,,
https://cs.stanford.edu/people/rak248/VG_100K_2/255.jpg,,,,,,
https://cs.stanford.edu/people/rak248/VG_100K_2/172.jpg,,,,,,
https://cs.stanford.edu/people/rak248/VG_100K_2/455.jpg,,,,,,
https://cs.stanford.edu/people/rak248/VG_100K_2/287.jpg,,,,,,
https://cs.stanford.edu/people/rak248/VG_100K_2/153.jpg,,,,,,
https://cs.stanford.edu/people/rak248/VG_100K_2/132.jpg,,,,,,
https://cs.stanford.edu/people/rak248/VG_100K_2/602.jpg,,,,,,
https://cs.stanford.edu/people/rak248/VG_100K_2/281.jpg,,,,,,
https://cs.stanford.edu/people/rak248/VG_100K_2/310.jpg,,,,,,
https://cs.stanford.edu/people/rak248/VG_100K_2/423.jpg,,,,,,
https://cs.stanford.edu/people/rak248/VG_100K_2/61.jpg,,,,,,
https://cs.stanford.edu/people/rak248/VG_100K_2/951.jpg,,,,,,
https://cs.stanford.edu/people/rak248/VG_100K_2/829.jpg,,,,,,
https://cs.stanford.edu/people/rak248/VG_100K_2/761.jpg,,,,,,
https://cs.stanford.edu/people/rak248/VG_100K_2/196.jpg,,,,,,
https://cs.stanford.edu/people/rak248/VG_100K_2/981.jpg,,,,,,
https://cs.stanford.edu/people/rak248/VG_100K_2/88.jpg,,,,,,
https://cs.stanford.edu/people/rak248/VG_100K_2/823.jpg,,,,,,
https://cs.stanford.edu/people/rak248/VG_100K_2/92.jpg,,,,,,
https://cs.stanford.edu/people/rak248/VG_100K_2/132.jpg,,,,,,
https://cs.stanford.edu/people/rak248/VG_100K_2/359.jpg,,,,,,
https://cs.stanford.edu/people/rak248/VG_100K_2/425.jpg,,,,,,
https://cs.stanford.edu/people/rak248/VG_100K_2/291.jpg,,,,,,
https://cs.stanford.edu/people/rak248/VG_100K_2/457.jpg,,,,,,
https://cs.stanford.edu/people/rak248/VG_100K_2/271.jpg,,,,,,
https://cs.stanford.edu/people/rak248/VG_100K_2/170.jpg,,,,,,
https://cs.stanford.edu/people/rak248/VG_100K_2/604.jpg,,,,,,
https://cs.stanford.edu/people/rak248/VG_100K_2/618.jpg,,,,,,
https://cs.stanford.edu/people/rak248/VG_100K_2/460.jpg,,,,,,
https://cs.stanford.edu/people/rak248/VG_100K_2/360.jpg,,,,,,
https://cs.stanford.edu/people/rak248/VG_100K_2/633.jpg,,,,,,
https://cs.stanford.edu/people/rak248/VG_100K_2/242.jpg,,,,,,
https://cs.stanford.edu/people/rak248/VG_100K_2/139.jpg,,,,,,
https://cs.stanford.edu/people/rak248/VG_100K_2/989.jpg,,,,,,
https://cs.stanford.edu/people/rak248/VG_100K_2/118.jpg,,,,,,
https://cs.stanford.edu/people/rak248/VG_100K_2/356.jpg,,,,,,
https://cs.stanford.edu/people/rak248/VG_100K_2/954.jpg,,,,,,
https://cs.stanford.edu/people/rak248/VG_100K_2/110.jpg,,,,,,
https://cs.stanford.edu/people/rak248/VG_100K_2/803.jpg,,,,,,
https://cs.stanford.edu/people/rak248/VG_100K_2/369.jpg,,,,,,
https://cs.stanford.edu/people/rak248/VG_100K_2/663.jpg,,,,,,
https://cs.stanford.edu/people/rak248/VG_100K_2/577.jpg,,,,,,
https://cs.stanford.edu/people/rak248/VG_100K_2/498.jpg,,,,,,
https://cs.stanford.edu/people/rak248/VG_100K_2/561.jpg,,,,,,
https://cs.stanford.edu/people/rak248/VG_100K_2/960.jpg,,,,,,
https://cs.stanford.edu/people/rak248/VG_100K_2/474.jpg,,,,,,
https://cs.stanford.edu/people/rak248/VG_100K_2/994.jpg,,,,,,
https://cs.stanford.edu/people/rak248/VG_100K_2/701.jpg,,,,,,
https://cs.stanford.edu/people/rak248/VG_100K_2/974.jpg,,,,,,
https://cs.stanford.edu/people/rak248/VG_100K_2/945.jpg,,,,,,
https://cs.stanford.edu/people/rak248/VG_100K_2/256.jpg,,,,,,
https://cs.stanford.edu/people/rak248/VG_100K_2/369.jpg,,,,,,
https://cs.stanford.edu/people/rak248/VG_100K_2/254.jpg,,,,,,
https://cs.stanford.edu/people/rak248/VG_100K_2/950.jpg,,,,,,
https://cs.stanford.edu/people/rak248/VG_100K_2/341.jpg,,,,,,
https://cs.stanford.edu/people/rak248/VG_100K_2/742.jpg,,,,,,
https://cs.stanford.edu/people/rak248/VG_100K_2/721.jpg,,,,,,
https://cs.stanford.edu/people/rak248/VG_100K_2/871.jpg,,,,,,
https://cs.stanford.edu/people/rak248/VG_100K_2/843.jpg,,,,,,
https://cs.stanford.edu/people/rak248/VG_100K_2/929.jpg,,,,,,
https://cs.stanford.edu/people/rak248/VG_100K_2/248.jpg,,,,,,
https://cs.stanford.edu/people/rak248/VG_100K_2/265.jpg,,,,,,
https://cs.stanford.edu/people/rak248/VG_100K_2/532.jpg,,,,,,
https://cs.stanford.edu/people/rak248/VG_100K_2/527.jpg,,,,,,
https://cs.stanford.edu/people/rak248/VG_100K_2/194.jpg,,,,,,
https://cs.stanford.edu/people/rak248/VG_100K_2/63.jpg,,,,,,
https://cs.stanford.edu/people/rak248/VG_100K_2/251.jpg,,,,,,
https://cs.stanford.edu/people/rak248/VG_100K_2/737.jpg,,,,,,
https://cs.stanford.edu/people/rak248/VG_100K_2/294.jpg,,,,,,
https://cs.stanford.edu/people/rak248/VG_100K_2/124.jpg,,,,,,
https://cs.stanford.edu/people/rak248/VG_100K_2/340.jpg,,,,,,
https://cs.stanford.edu/people/rak248/VG_100K_2/484.jpg,,,,,,
https://cs.stanford.edu/people/rak248/VG_100K_2/888.jpg,,,,,,
https://cs.stanford.edu/people/rak248/VG_100K_2/243.jpg,,,,,,
https://cs.stanford.edu/people/rak248/VG_100K_2/992.jpg,,,,,,
https://cs.stanford.edu/people/rak248/VG_100K_2/912.jpg,,,,,,
https://cs.stanford.edu/people/rak248/VG_100K_2/546.jpg,,,,,,
https://cs.stanford.edu/people/rak248/VG_100K_2/849.jpg,,,,,,
https://cs.stanford.edu/people/rak248/VG_100K_2/910.jpg,,,,,,
https://cs.stanford.edu/people/rak248/VG_100K_2/487.jpg,,,,,,
https://cs.stanford.edu/people/rak248/VG_100K_2/886.jpg,,,,,,
https://cs.stanford.edu/people/rak248/VG_100K_2/359.jpg,,,,,,
https://cs.stanford.edu/people/rak248/VG_100K_2/827.jpg,,,,,,
https://cs.stanford.edu/people/rak248/VG_100K_2/656.jpg,,,,,,
https://cs.stanford.edu/people/rak248/VG_100K_2/307.jpg,,,,,,
https://cs.stanford.edu/people/rak248/VG_100K_2/722.jpg,,,,,,
https://cs.stanford.edu/people/rak248/VG_100K_2/760.jpg,,,,,,
https://cs.stanford.edu/people/rak248/VG_100K_2/911.jpg,,,,,,
https://cs.stanford.edu/people/rak248/VG_100K_2/647.jpg,,,,,,
https://cs.stanford.edu/people/rak248/VG_100K_2/306.jpg,,,,,,
https://cs.stanford.edu/people/rak248/VG_100K_2/244.jpg,,,,,,
https://cs.stanford.edu/people/rak248/VG_100K_2/483.jpg,,,,,,
https://cs.stanford.edu/people/rak248/VG_100K_2/955.jpg,,,,,,
https://cs.stanford.edu/people/rak248/VG_100K_2/535.jpg,,,,,,
https://cs.stanford.edu/people/rak248/VG_100K_2/93.jpg,,,,,,
https://cs.stanford.edu/people/rak248/VG_100K_2/470.jpg,,,,,,
https://cs.stanford.edu/people/rak248/VG_100K_2/79.jpg,,,,,,
https://cs.stanford.edu/people/rak248/VG_100K_2/798.jpg,,,,,,
https://cs.stanford.edu/people/rak248/VG_100K_2/518.jpg,,,,,,
https://cs.stanford.edu/people/rak248/VG_100K_2/184.jpg,,,,,,
https://cs.stanford.edu/people/rak248/VG_100K_2/319.jpg,,,,,,
https://cs.stanford.edu/people/rak248/VG_100K_2/685.jpg,,,,,,
https://cs.stanford.edu/people/rak248/VG_100K_2/223.jpg,,,,,,
https://cs.stanford.edu/people/rak248/VG_100K_2/660.jpg,,,,,,
https://cs.stanford.edu/people/rak248/VG_100K_2/537.jpg,,,,,,
https://cs.stanford.edu/people/rak248/VG_100K_2/58.jpg,,,,,,
https://cs.stanford.edu/people/rak248/VG_100K_2/450.jpg,,,,,,
https://cs.stanford.edu/people/rak248/VG_100K_2/664.jpg,,,,,,
https://cs.stanford.edu/people/rak248/VG_100K_2/194.jpg,,,,,,
https://cs.stanford.edu/people/rak248/VG_100K_2/805.jpg,,,,,,
https://cs.stanford.edu/people/rak248/VG_100K_2/652.jpg,,,,,,
https://cs.stanford.edu/people/rak248/VG_100K_2/202.jpg,,,,,,
https://cs.stanford.edu/people/rak248/VG_100K_2/198.jpg,,,,,,
https://cs.stanford.edu/people/rak248/VG_100K_2/907.jpg,,,,,,
https://cs.stanford.edu/people/rak248/VG_100K_2/114.jpg,,,,,,
https://cs.stanford.edu/people/rak248/VG_100K_2/743.jpg,,,,,,
https://cs.stanford.edu/people/rak248/VG_100K_2/485.jpg,,,,,,
https://cs.stanford.edu/people/rak248/VG_100K_2/301.jpg,,,,,,
https://cs.stanford.edu/people/rak248/VG_100K_2/98.jpg,,,,,,
https://cs.stanford.edu/people/rak248/VG_100K_2/211.jpg,,,,,,
https://cs.stanford.edu/people/rak248/VG_100K_2/444.jpg,,,,,,
https://cs.stanford.edu/people/rak248/VG_100K_2/334.jpg,,,,,,
https://cs.stanford.edu/people/rak248/VG_100K_2/996.jpg,,,,,,
https://cs.stanford.edu/people/rak248/VG_100K_2/167.jpg,,,,,,
https://cs.stanford.edu/people/rak248/VG_100K_2/602.jpg,,,,,,
https://cs.stanford.edu/people/rak248/VG_100K_2/795.jpg,,,,,,
https://cs.stanford.edu/people/rak248/VG_100K_2/270.jpg,,,,,,
https://cs.stanford.edu/people/rak248/VG_100K_2/782.jpg,,,,,,
https://cs.stanford.edu/people/rak248/VG_100K_2/593.jpg,,,,,,
https://cs.stanford.edu/people/rak248/VG_100K_2/698.jpg,,,,,,
https://cs.stanford.edu/people/rak248/VG_100K_2/643.jpg,,,,,,
https://cs.stanford.edu/people/rak248/VG_100K_2/154.jpg,,,,,,
https://cs.stanford.edu/people/rak248/VG_100K_2/822.jpg,,,,,,
https://cs.stanford.edu/people/rak248/VG_100K_2/350.jpg,,,,,,
https://cs.stanford.edu/people/rak248/VG_100K_2/711.jpg,,,,,,
https://cs.stanford.edu/people/rak248/VG_100K_2/646.jpg,,,,,,
https://cs.stanford.edu/people/rak248/VG_100K_2/815.jpg,,,,,,
https://cs.stanford.edu/people/rak248/VG_100K_2/976.jpg,,,,,,
https://cs.stanford.edu/people/rak248/VG_100K_2/639.jpg,,,,,,
https://cs.stanford.edu/people/rak248/VG_100K_2/211.jpg,,,,,,
https://cs.stanford.edu/people/rak248/VG_100K_2/985.jpg,,,,,,
https://cs.stanford.edu/people/rak248/VG_100K_2/973.jpg,,,,,,
https://cs.stanford.edu/people/rak248/VG_100K_2/71.jpg,,,,,,
https://cs.stanford.edu/people/rak248/VG_100K_2/641.jpg,,,,,,
https://cs.stanford.edu/people/rak248/VG_100K_2/543.jpg,,,,,,
https://cs.stanford.edu/people/rak248/VG_100K_2/370.jpg,,,,,,
https://cs.stanford.edu/people/rak248/VG_100K_2/748.jpg,,,,,,
https://cs.stanford.edu/people/rak248/VG_100K_2/767.jpg,,,,,,
https://cs.stanford.edu/people/rak248/VG_100K_2/555.jpg,,,,,,
https://cs.stanford.edu/people/rak248/VG_100K_2/880.jpg,,,,,,
https://cs.stanford.edu/people/rak248/VG_100K_2/302.jpg,,,,,,
https://cs.stanford.edu/people/rak248/VG_100K_2/944.jpg,,,,,,
https://cs.stanford.edu/people/rak248/VG_100K_2/937.jpg,,,,,,
https://cs.stanford.edu/people/rak248/VG_100K_2/524.jpg,,,,,,
https://cs.stanford.edu/people/rak248/VG_100K_2/491.jpg,,,,,,
https://cs.stanford.edu/people/rak248/VG_100K_2/920.jpg,,,,,,
https://cs.stanford.edu/people/rak248/VG_100K_2/284.jpg,,,,,,
https://cs.stanford.edu/people/rak248/VG_100K_2/805.jpg,,,,,,
https://cs.stanford.edu/people/rak248/VG_100K_2/885.jpg,,,,,,
https://cs.stanford.edu/people/rak248/VG_100K_2/590.jpg,,,,,,
https://cs.stanford.edu/people/rak248/VG_100K_2/427.jpg,,,,,,
https://cs.stanford.edu/people/rak248/VG_100K_2/398.jpg,,,,,,
https://cs.stanford.edu/people/rak248/VG_100K_2/74.jpg,,,,,,
https://cs.stanford.edu/people/rak248/VG_100K_2/856.jpg,,,,,,
https://cs.stanford.edu/people/rak248/VG_100K_2/693.jpg,,,,,,
https://cs.stanford.edu/people/rak248/VG_100K_2/295.jpg,,,,,,
https://cs.stanford.edu/people/rak248/VG_100K_2/755.jpg,,,,,,
https://cs.stanford.edu/people/rak248/VG_100K_2/562.jpg,,,,,,
https://cs.stanford.edu/people/rak248/VG_100K_2/443.jpg,,,,,,
https://cs.stanford.edu/people/rak248/VG_100K_2/237.jpg,,,,,,
https://cs.stanford.edu/people/rak248/VG_100K_2/119.jpg,,,,,,
https://cs.stanford.edu/people/rak248/VG_100K_2/81.jpg,,,,,,
https://cs.stanford.edu/people/rak248/VG_100K_2/613.jpg,,,,,,
https://cs.stanford.edu/people/rak248/VG_100K_2/539.jpg,,,,,,
https://cs.stanford.edu/people/rak248/VG_100K_2/842.jpg,,,,,,
https://cs.stanford.edu/people/rak248/VG_100K_2/71.jpg,,,,,,
https://cs.stanford.edu/people/rak248/VG_100K_2/943.jpg,,,,,,
https://cs.stanford.edu/people/rak248/VG_100K_2/325.jpg,,,,,,
https://cs.stanford.edu/people/rak248/VG_100K_2/573.jpg,,,,,,
https://cs.stanford.edu/people/rak248/VG_100K_2/57.jpg,,,,,,
https://cs.stanford.edu/people/rak248/VG_100K_2/828.jpg,,,,,,
https://cs.stanford.edu/people/rak248/VG_100K_2/720.jpg,,,,,,
https://cs.stanford.edu/people/rak248/VG_100K_2/945.jpg,,,,,,
https://cs.stanford.edu/people/rak248/VG_100K_2/563.jpg,,,,,,
https://cs.stanford.edu/people/rak248/VG_100K_2/135.jpg,,,,,,
https://cs.stanford.edu/people/rak248/VG_100K_2/107.jpg,,,,,,
https://cs.stanford.edu/people/rak248/VG_100K_2/722.jpg,,,,,,
https://cs.stanford.edu/people/rak248/VG_100K_2/498.jpg,,,,,,
https://cs.stanford.edu/people/rak248/VG_100K_2/705.jpg,,,,,,
https://cs.stanford.edu/people/rak248/VG_100K_2/505.jpg,,,,,,
https://cs.stanford.edu/people/rak248/VG_100K_2/478.jpg,,,,,,
https://cs.stanford.edu/people/rak248/VG_100K_2/213.jpg,,,,,,
https://cs.stanford.edu/people/rak248/VG_100K_2/189.jpg,,,,,,
https://cs.stanford.edu/people/rak248/VG_100K_2/709.jpg,,,,,,
https://cs.stanford.edu/people/rak248/VG_100K_2/292.jpg,,,,,,
https://cs.stanford.edu/people/rak248/VG_100K_2/445.jpg,,,,,,
https://cs.stanford.edu/people/rak248/VG_100K_2/930.jpg,,,,,,
https://cs.stanford.edu/people/rak248/VG_100K_2/387.jpg,,,,,,
https://cs.stanford.edu/people/rak248/VG_100K_2/698.jpg,,,,,,
https://cs.stanford.edu/people/rak248/VG_100K_2/346.jpg,,,,,,
https://cs.stanford.edu/people/rak248/VG_100K_2/411.jpg,,,,,,
https://cs.stanford.edu/people/rak248/VG_100K_2/289.jpg,,,,,,
https://cs.stanford.edu/people/rak248/VG_100K_2/60.jpg,,,,,,
https://cs.stanford.edu/people/rak248/VG_100K_2/448.jpg,,,,,,
https://cs.stanford.edu/people/rak248/VG_100K_2/84.jpg,,,,,,
https://cs.stanford.edu/people/rak248/VG_100K_2/984.jpg,,,,,,
https://cs.stanford.edu/people/rak248/VG_100K_2/953.jpg,,,,,,
https://cs.stanford.edu/people/rak248/VG_100K_2/816.jpg,,,,,,
https://cs.stanford.edu/people/rak248/VG_100K_2/344.jpg,,,,,,
https://cs.stanford.edu/people/rak248/VG_100K_2/121.jpg,,,,,,
https://cs.stanford.edu/people/rak248/VG_100K_2/550.jpg,,,,,,
https://cs.stanford.edu/people/rak248/VG_100K_2/243.jpg,,,,,,
https://cs.stanford.edu/people/rak248/VG_100K_2/524.jpg,,,,,,
https://cs.stanford.edu/people/rak248/VG_100K_2/173.jpg,,,,,,
https://cs.stanford.edu/people/rak248/VG_100K_2/878.jpg,,,,,,
https://cs.stanford.edu/people/rak248/VG_100K_2/177.jpg,,,,,,
https://cs.stanford.edu/people/rak248/VG_100K_2/75.jpg,,,,,,
https://cs.stanford.edu/people/rak248/VG_100K_2/864.jpg,,,,,,
https://cs.stanford.edu/people/rak248/VG_100K_2/225.jpg,,,,,,
https://cs.stanford.edu/people/rak248/VG_100K_2/422.jpg,,,,,,
https://cs.stanford.edu/people/rak248/VG_100K_2/893.jpg,,,,,,
https://cs.stanford.edu/people/rak248/VG_100K_2/288.jpg,,,,,,
https://cs.stanford.edu/people/rak248/VG_100K_2/57.jpg,,,,,,
https://cs.stanford.edu/people/rak248/VG_100K_2/554.jpg,,,,,,
https://cs.stanford.edu/people/rak248/VG_100K_2/52.jpg,,,,,,
https://cs.stanford.edu/people/rak248/VG_100K_2/235.jpg,,,,,,
https://cs.stanford.edu/people/rak248/VG_100K_2/143.jpg,,,,,,
https://cs.stanford.edu/people/rak248/VG_100K_2/328.jpg,,,,,,
https://cs.stanford.edu/people/rak248/VG_100K_2/891.jpg,,,,,,
https://cs.stanford.edu/people/rak248/VG_100K_2/648.jpg,,,,,,
https://cs.stanford.edu/people/rak248/VG_100K_2/476.jpg,,,,,,
https://cs.stanford.edu/people/rak248/VG_100K_2/533.jpg,,,,,,
https://cs.stanford.edu/people/rak248/VG_100K_2/898.jpg,,,,,,
https://cs.stanford.edu/people/rak248/VG_100K_2/983.jpg,,,,,,
https://cs.stanford.edu/people/rak248/VG_100K_2/939.jpg,,,,,,
https://cs.stanford.edu/people/rak248/VG_100K_2/421.jpg,,,,,,
https://cs.stanford.edu/people/rak248/VG_100K_2/607.jpg,,,,,,
https://cs.stanford.edu/people/rak248/VG_100K_2/317.jpg,,,,,,
https://cs.stanford.edu/people/rak248/VG_100K_2/155.jpg,,,,,,
https://cs.stanford.edu/people/rak248/VG_100K_2/179.jpg,,,,,,
https://cs.stanford.edu/people/rak248/VG_100K_2/285.jpg,,,,,,
https://cs.stanford.edu/people/rak248/VG_100K_2/313.jpg,,,,,,
https://cs.stanford.edu/people/rak248/VG_100K_2/339.jpg,,,,,,
https://cs.stanford.edu/people/rak248/VG_100K_2/599.jpg,,,,,,
https://cs.stanford.edu/people/rak248/VG_100K_2/540.jpg,,,,,,
https://cs.stanford.edu/people/rak248/VG_100K_2/909.jpg,,,,,,
https://cs.stanford.edu/people/rak248/VG_100K_2/443.jpg,,,,,,
https://cs.stanford.edu/people/rak248/VG_100K_2/492.jpg,,,,,,
https://cs.stanford.edu/people/rak248/VG_100K_2/293.jpg,,,,,,
https://cs.stanford.edu/people/rak248/VG_100K_2/396.jpg,,,,,,
https://cs.stanford.edu/people/rak248/VG_100K_2/585.jpg,,,,,,
https://cs.stanford.edu/people/rak248/VG_100K_2/378.jpg,,,,,,
https://cs.stanford.edu/people/rak248/VG_100K_2/490.jpg,,,,,,
https://cs.stanford.edu/people/rak248/VG_100K_2/147.jpg,,,,,,
https://cs.stanford.edu/people/rak248/VG_100K_2/372.jpg,,,,,,
https://cs.stanford.edu/people/rak248/VG_100K_2/552.jpg,,,,,,
https://cs.stanford.edu/people/rak248/VG_100K_2/391.jpg,,,,,,
https://cs.stanford.edu/people/rak248/VG_100K_2/812.jpg,,,,,,
https://cs.stanford.edu/people/rak248/VG_100K_2/86.jpg,,,,,,
https://cs.stanford.edu/people/rak248/VG_100K_2/72.jpg,,,,,,
https://cs.stanford.edu/people/rak248/VG_100K_2/104.jpg,,,,,,
https://cs.stanford.edu/people/rak248/VG_100K_2/286.jpg,,,,,,
https://cs.stanford.edu/people/rak248/VG_100K_2/326.jpg,,,,,,
https://cs.stanford.edu/people/rak248/VG_100K_2/992.jpg,,,,,,
https://cs.stanford.edu/people/rak248/VG_100K_2/750.jpg,,,,,,
https://cs.stanford.edu/people/rak248/VG_100K_2/654.jpg,,,,,,
https://cs.stanford.edu/people/rak248/VG_100K_2/62.jpg,,,,,,
https://cs.stanford.edu/people/rak248/VG_100K_2/93.jpg,,,,,,
https://cs.stanford.edu/people/rak248/VG_100K_2/384.jpg,,,,,,
https://cs.stanford.edu/people/rak248/VG_100K_2/754.jpg,,,,,,
https://cs.stanford.edu/people/rak248/VG_100K_2/356.jpg,,,,,,
https://cs.stanford.edu/people/rak248/VG_100K_2/323.jpg,,,,,,
https://cs.stanford.edu/people/rak248/VG_100K_2/218.jpg,,,,,,
https://cs.stanford.edu/people/rak248/VG_100K_2/859.jpg,,,,,,
https://cs.stanford.edu/people/rak248/VG_100K_2/406.jpg,,,,,,
https://cs.stanford.edu/people/rak248/VG_100K_2/130.jpg,,,,,,
https://cs.stanford.edu/people/rak248/VG_100K_2/233.jpg,,,,,,
https://cs.stanford.edu/people/rak248/VG_100K_2/337.jpg,,,,,,
https://cs.stanford.edu/people/rak248/VG_100K_2/652.jpg,,,,,,
https://cs.stanford.edu/people/rak248/VG_100K_2/128.jpg,,,,,,
https://cs.stanford.edu/people/rak248/VG_100K_2/847.jpg,,,,,,
https://cs.stanford.edu/people/rak248/VG_100K_2/441.jpg,,,,,,
